id,final_rank,designed_sequence,designed_chain_sequence,num_design,design_to_target_iptm,min_design_to_target_pae,design_ptm,filter_rmsd,designfolding-filter_rmsd,plip_hbonds_refolded,delta_sasa_refolded,design_largest_hydrophobic_patch_refolded,design_chain_hydrophobicity,design_hydrophobicity,loop,helix,sheet,file_name,num_prot_tokens,num_lig_atoms,num_resolved_tokens,num_tokens,UNK_fraction,GLY_fraction,ALA_fraction,CYS_fraction,SER_fraction,PRO_fraction,THR_fraction,VAL_fraction,ILE_fraction,ASN_fraction,ASP_fraction,LEU_fraction,MET_fraction,GLN_fraction,GLU_fraction,LYS_fraction,HIS_fraction,PHE_fraction,ARG_fraction,TYR_fraction,TRP_fraction,liability_score,liability_num_violations,liability_high_severity_violations,liability_medium_severity_violations,liability_low_severity_violations,liability_AspCleave_count,liability_ProtTryp_count,liability_ProtTryp_position,liability_ProtTryp_length,liability_ProtTryp_severity,liability_ProtTryp_details,liability_ProtTryp_positions,liability_ProtTryp_num_positions,liability_ProtTryp_global_details,liability_ProtTryp_avg_severity,liability_AspCleave_position,liability_AspCleave_length,liability_AspCleave_severity,liability_AspCleave_details,liability_AspCleave_positions,liability_AspCleave_num_positions,liability_AspCleave_global_details,liability_AspCleave_avg_severity,liability_DPP4_count,liability_DPP4_position,liability_DPP4_length,liability_DPP4_severity,liability_DPP4_details,liability_DPP4_positions,liability_DPP4_num_positions,liability_DPP4_global_details,liability_DPP4_avg_severity,liability_TrpOx_count,liability_TrpOx_position,liability_TrpOx_length,liability_TrpOx_severity,liability_TrpOx_details,liability_TrpOx_positions,liability_TrpOx_num_positions,liability_TrpOx_global_details,liability_TrpOx_avg_severity,liability_HydroPatch_count,liability_HydroPatch_position,liability_HydroPatch_length,liability_HydroPatch_severity,liability_HydroPatch_details,liability_HydroPatch_positions,liability_HydroPatch_num_positions,liability_HydroPatch_global_details,liability_HydroPatch_avg_severity,liability_NTCycl_count,liability_NTCycl_position,liability_NTCycl_length,liability_NTCycl_severity,liability_NTCycl_details,liability_NTCycl_positions,liability_NTCycl_num_positions,liability_NTCycl_global_details,liability_NTCycl_avg_severity,liability_AspBridge_count,liability_AspBridge_position,liability_AspBridge_length,liability_AspBridge_severity,liability_AspBridge_details,liability_AspBridge_positions,liability_AspBridge_num_positions,liability_AspBridge_global_details,liability_AspBridge_avg_severity,liability_MetOx_count,liability_MetOx_position,liability_MetOx_length,liability_MetOx_severity,liability_MetOx_details,liability_MetOx_positions,liability_MetOx_num_positions,liability_MetOx_global_details,liability_MetOx_avg_severity,liability_violations_summary,native_rmsd,native_rmsd_bb,native_rmsd_refolded,native_rmsd_bb_refolded,designfolding-bb_rmsd,designfolding-bb_rmsd_design,designfolding-bb_rmsd_target,designfolding-bb_rmsd_design_target,designfolding-bb_target_aligned_rmsd_design,designfolding-bb_rmsd<2.5,designfolding-bb_target_aligned<2.5,designfolding-bb_designability_rmsd_2,designfolding-bb_designability_rmsd_4,designfolding-ligand_iptm,designfolding-interaction_pae,designfolding-min_interaction_pae,designfolding-min_design_to_target_pae,designfolding-iptm,designfolding-ptm,designfolding-protein_iptm,designfolding-design_iptm,designfolding-design_iiptm,designfolding-design_to_target_iptm,designfolding-design_residue_iptm,designfolding-target_ptm,designfolding-design_ptm,designfolding-design_ipsae_min,designfolding-design_to_target_ipsae,designfolding-target_to_design_ipsae,designfolding-complex_plddt,designfolding-complex_iplddt,designfolding-complex_pde,designfolding-complex_ipde,designfolding-min_interaction_pae<1.5,designfolding-min_interaction_pae<2,designfolding-min_interaction_pae<2.5,designfolding-min_interaction_pae<3,designfolding-min_interaction_pae<4,designfolding-min_interaction_pae<5,designfolding-design_ptm>80,designfolding-design_ptm>75,designfolding-design_iptm>80,designfolding-design_iptm>70,designfolding-design_iptm>60,designfolding-design_iptm>50,bb_rmsd,bb_rmsd_design,bb_rmsd_target,bb_rmsd_design_target,bb_target_aligned_rmsd_design,bb_rmsd<2.5,bb_target_aligned<2.5,bb_designability_rmsd_2,bb_designability_rmsd_4,ligand_iptm,interaction_pae,min_interaction_pae,iptm,ptm,protein_iptm,design_iptm,design_iiptm,design_residue_iptm,target_ptm,design_ipsae_min,design_to_target_ipsae,target_to_design_ipsae,complex_plddt,complex_iplddt,complex_pde,complex_ipde,min_interaction_pae<1.5,min_interaction_pae<2,min_interaction_pae<2.5,min_interaction_pae<3,min_interaction_pae<4,min_interaction_pae<5,design_ptm>80,design_ptm>75,design_iptm>80,design_iptm>70,design_iptm>60,design_iptm>50,design_sasa_unbound_refolded,design_sasa_bound_refolded,plip_saltbridge_refolded,liability_UnpairedCys_count,liability_UnpairedCys_position,liability_UnpairedCys_length,liability_UnpairedCys_severity,liability_UnpairedCys_details,liability_details,liability_UnpairedCys_positions,liability_UnpairedCys_num_positions,liability_UnpairedCys_global_details,liability_UnpairedCys_avg_severity,filter_rmsd_design,neg_min_design_to_target_pae,neg_design_hydrophobicity,neg_design_largest_hydrophobic_patch_refolded,neg_min_interaction_pae,neg_filter_rmsd,neg_filter_rmsd_design,has_x,num_filters_passed,pass_has_x_filter,pass_filters,pass_filter_rmsd_filter,pass_filter_rmsd_design_filter,pass_designfolding-filter_rmsd_filter,pass_ALA_fraction_filter,pass_GLY_fraction_filter,pass_GLU_fraction_filter,pass_LEU_fraction_filter,pass_VAL_fraction_filter,rank_design_to_target_iptm,rank_design_ptm,rank_neg_min_design_to_target_pae,rank_plip_hbonds_refolded,rank_plip_saltbridge_refolded,rank_delta_sasa_refolded,max_rank,secondary_rank,quality_score,sequence
device-1_binder_4,1,QIQVVESGGGLVQAGGSLRLSCAYSGGTVNYIGWLRQAPGKEREFVAYINLSTGNTKYADSVKGRFTISADTSKNTAYLQMNSLKSEDTAVYYCVAVSGCKQYWGQGTQVTVS,QIQVVESGGGLVQAGGSLRLSCAYSGGTVNYIGWLRQAPGKEREFVAYINLSTGNTKYADSVKGRFTISADTSKNTAYLQMNSLKSEDTAVYYCVAVSGCKQYWGQGTQVTVS,113,0.56738,3.82459,0.83837,0.76362,0.60382,4,671.19922,222.40735,44.3903,44.3903,0.42478,0.02655,0.54867,device-1_binder_4.cif,245,0,230.0,245.0,0.0,0.12389,0.07965,0.02655,0.10619,0.00885,0.07965,0.09735,0.0354,0.04425,0.02655,0.06195,0.00885,0.0708,0.0354,0.0531,0.0,0.0177,0.0354,0.0708,0.0177,185,20,17,3,0,0,0,-1,0,0,,19-101,10,,10.0,60,2,10,,,0,,0.0,0,-1,0,0,,,0,,0.0,0,-1,0,0,,34-104,2,,10.0,0,91,3,5,,,0,,0.0,0,1,1,5,,,0,,0.0,0,82,2,10,,,0,,0.0,0,81,1,5,,,0,,0.0,"AspBridge(pos82,sev10); AspCleave(pos60,sev10); NTCycl(pos1,sev5); ProtTrypx10(pos19-101,sev10); MetOx(pos81,sev5); TrpOxx2(pos34-104,sev10); HydroPatch(pos91,sev5); UnpairedCysx3(pos22-100,sev10)",0.0,0.0,0.0,0.0,0.60382,0.60382,,,,True,False,True,True,0.0,0.0,100000.25,100000.25,0.0,0.80868,0.0,0.0,0.0,0.0,0.0,0.0,0.80868,0.0,0.0,0.0,0.80716,0.80716,0.52382,0.0,False,False,False,False,False,False,True,True,False,False,False,False,0.76362,0.62872,0.54226,0.86242,1.26404,True,True,True,True,0.0,12.38847,3.82459,0.56738,0.65038,0.56738,0.56738,0.60168,0.56738,0.7436,0.20434,0.2206,0.20434,0.74278,0.74026,1.10406,3.74863,False,False,False,False,True,True,True,True,False,False,False,True,6592.09229,5920.89307,0,3.0,,,,,,22-100,3.0,,10.0,0.62872,-3.82459,-44.3903,-222.40735,-3.82459,-0.76362,-0.62872,False,9,True,True,True,True,True,True,True,True,True,True,1.0,2.0,1.0,1.0,3.0,2.0,3.0,1,1.0,QIQVVESGGGLVQAGGSLRLSCAYSGGTVNYIGWLRQAPGKEREFVAYINLSTGNTKYADSVKGRFTISADTSKNTAYLQMNSLKSEDTAVYYCVAVSGCKQYWGQGTQVTVS
device-2_binder_0,2,EISEEDIEKVAEGLKGLVEAGVSPEEVRAYFEERFGPRLGELVGALIEDAKKYDIDYKKAAEYLLEVAREEAGVSPEELADALVDFAKKHGG,EISEEDIEKVAEGLKGLVEAGVSPEEVRAYFEERFGPRLGELVGALIEDAKKYDIDYKKAAEYLLEVAREEAGVSPEELADALVDFAKKHGG,92,0.37464,6.7707,0.78901,0.83027,0.74269,8,754.00977,350.93713,48.4973,48.4973,0.21739,0.78261,0.0,device-2_binder_0.cif,224,0,209.0,224.0,0.0,0.09783,0.13043,0.0,0.03261,0.03261,0.0,0.08696,0.04348,0.0,0.06522,0.09783,0.0,0.0,0.19565,0.08696,0.01087,0.03261,0.04348,0.04348,0.0,125,13,12,1,0,0,0,-1,0,0,,9-89,12,,10.0,-1,0,0,,,0,,0.0,0,-1,0,0,,,0,,0.0,0,-1,0,0,,,0,,0.0,0,63,3,5,,,0,,0.0,0,-1,0,0,,,0,,0.0,0,-1,0,0,,,0,,0.0,0,-1,0,0,,,0,,0.0,"ProtTrypx12(pos9-89,sev10); HydroPatch(pos63,sev5)",0.0,0.0,0.0,0.0,0.74269,0.74269,,,,True,False,True,True,0.0,0.0,100000.25,100000.25,0.0,0.83116,0.0,0.0,0.0,0.0,0.0,0.0,0.83116,0.0,0.0,0.0,0.64653,0.64653,0.49129,0.0,False,False,False,False,False,False,True,True,False,False,False,False,0.83027,0.6431,0.52417,0.92232,1.77173,True,True,True,True,0.0,14.88999,6.7707,0.37464,0.54289,0.37464,0.37464,0.40979,0.37464,0.68036,0.0937,0.10728,0.0937,0.73036,0.68198,1.25747,5.7464,False,False,False,False,False,False,False,True,False,False,False,False,6180.50977,5426.5,5,,,,,,,,,,,0.6431,-6.7707,-48.4973,-350.93713,-6.7707,-0.83027,-0.6431,False,9,True,True,True,True,True,True,True,True,True,True,2.0,4.0,2.0,0.5,0.5,1.0,4.0,2,0.9473684210526316,EISEEDIEKVAEGLKGLVEAGVSPEEVRAYFEERFGPRLGELVGALIEDAKKYDIDYKKAAEYLLEVAREEAGVSPEELADALVDFAKKHGG
device-3_binder_2,3,VEEYAEKVAEALKAGDAEEAGEAAEKLALELGLSEKVAEYLRELALEKRYEELAETLAEILRRNGLDELAEKVLAAGKEAAAAAA,VEEYAEKVAEALKAGDAEEAGEAAEKLALELGLSEKVAEYLRELALEKRYEELAETLAEILRRNGLDELAEKVLAAGKEAAAAAA,85,0.37439,8.97925,0.85787,0.78951,0.73909,3,648.06445,363.5426,45.8026,45.8026,0.16471,0.83529,0.0,device-3_binder_2.cif,217,0,202.0,217.0,0.0,0.05882,0.25882,0.0,0.01176,0.0,0.01176,0.04706,0.01176,0.01176,0.02353,0.16471,0.0,0.0,0.23529,0.08235,0.0,0.0,0.04706,0.03529,0.0,120,12,12,0,0,0,0,-1,0,0,,7-78,11,,10.0,-1,0,0,,,0,,0.0,0,-1,0,0,,,0,,0.0,0,-1,0,0,,,0,,0.0,0,-1,0,0,,,0,,0.0,0,-1,0,0,,,0,,0.0,0,64,2,10,,,0,,0.0,0,-1,0,0,,,0,,0.0,"AspBridge(pos64,sev10); ProtTrypx11(pos7-78,sev10)",0.0,0.0,0.0,0.0,0.73909,0.73909,,,,True,False,True,True,0.0,0.0,100000.25,100000.25,0.0,0.86029,0.0,0.0,0.0,0.0,0.0,0.0,0.86029,0.0,0.0,0.0,0.71717,0.71717,0.4329,0.0,False,False,False,False,False,False,True,True,False,False,False,False,0.78951,0.79998,0.53877,0.96369,1.19341,True,True,True,True,0.0,15.79399,8.97925,0.37439,0.56862,0.37439,0.37439,0.38732,0.37439,0.72829,0.06433,0.09649,0.06433,0.7691,0.74119,1.02063,6.84399,False,False,False,False,False,False,True,True,False,False,False,False,6271.60547,5623.54102,4,,,,,,,,,,,0.79998,-8.97925,-45.8026,-363.5426,-8.97925,-0.78951,-0.79998,False,9,True,True,True,True,True,True,True,True,True,True,3.0,1.0,4.0,1.5,1.0,3.0,4.0,2,0.8947368421052632,VEEYAEKVAEALKAGDAEEAGEAAEKLALELGLSEKVAEYLRELALEKRYEELAETLAEILRRNGLDELAEKVLAAGKEAAAAAA
device-3_binder_1,4,GAQLLAELELVVEALKEALKNKDEKAAREEVKALEYLARELVREGQAEEAIKLLEEALEAAKKYGNEDIAKEIEEILEEVRKLAA,GAQLLAELELVVEALKEALKNKDEKAAREEVKALEYLARELVREGQAEEAIKLLEEALEAAKKYGNEDIAKEIEEILEEVRKLAA,85,0.33925,8.0308,0.83409,1.83895,0.55547,3,665.65381,800.4552,48.5625,48.5625,0.12941,0.87059,0.0,device-3_binder_1.cif,217,0,202.0,217.0,0.0,0.03529,0.18824,0.0,0.0,0.0,0.0,0.05882,0.04706,0.02353,0.02353,0.16471,0.0,0.02353,0.24706,0.11765,0.0,0.0,0.04706,0.02353,0.0,145,15,14,1,0,0,0,-1,0,0,,16-82,14,,10.0,-1,0,0,,,0,,0.0,0,-1,0,0,,,0,,0.0,0,-1,0,0,,,0,,0.0,0,10,3,5,,,0,,0.0,0,-1,0,0,,,0,,0.0,0,-1,0,0,,,0,,0.0,0,-1,0,0,,,0,,0.0,"ProtTrypx14(pos16-82,sev10); HydroPatch(pos10,sev5)",0.0,0.0,0.0,0.0,0.55547,0.55547,,,,True,False,True,True,0.0,0.0,100000.25,100000.25,0.0,0.79765,0.0,0.0,0.0,0.0,0.0,0.0,0.79765,0.0,0.0,0.0,0.67572,0.67572,0.4924,0.0,False,False,False,False,False,False,False,True,False,False,False,False,1.83895,0.7873,0.58716,1.94948,5.05211,True,False,True,True,0.0,16.24128,8.0308,0.33925,0.53026,0.33925,0.33925,0.34667,0.33925,0.69091,0.05175,0.0889,0.05175,0.75102,0.72075,1.15754,7.15966,False,False,False,False,False,False,True,True,False,False,False,False,6311.96582,5646.31201,2,,,,,,,,,,,0.7873,-8.0308,-48.5625,-800.4552,-8.0308,-1.83895,-0.7873,False,9,True,True,True,True,True,True,True,True,True,True,4.0,3.0,3.0,1.5,1.5,2.5,4.0,2,0.8421052631578947,GAQLLAELELVVEALKEALKNKDEKAAREEVKALEYLARELVREGQAEEAIKLLEEALEAAKKYGNEDIAKEIEEILEEVRKLAA
device-1_binder_1,5,QVTLVESGGGLVQAGGSLRLSCAFSGSGISAMGWLRQAPGKEREFVASITSDGSTSYNDSVKGRFTISRDNAKNTVYLQMNSLKPEDTAVYYCVVVTTSGKQYWGQGTQVTVS,QVTLVESGGGLVQAGGSLRLSCAFSGSGISAMGWLRQAPGKEREFVASITSDGSTSYNDSVKGRFTISRDNAKNTVYLQMNSLKPEDTAVYYCVVVTTSGKQYWGQGTQVTVS,113,0.24827,12.00135,0.78415,2.18988,0.72562,3,673.32617,411.09799,44.5635,44.5635,0.39823,0.0531,0.54867,device-1_binder_1.cif,245,0,230.0,245.0,0.0,0.12389,0.06195,0.0177,0.13274,0.0177,0.0885,0.10619,0.02655,0.0354,0.0354,0.06195,0.0177,0.06195,0.0354,0.04425,0.0,0.02655,0.04425,0.04425,0.0177,190,22,16,6,0,0,0,-1,0,0,,19-101,10,,10.0,-1,0,0,,52-59,2,,10.0,0,-1,0,0,,,0,,0.0,0,-1,0,0,,34-104,2,,10.0,0,-1,0,0,,76-94,3,,5.0,0,1,1,5,,,0,,0.0,0,-1,0,0,,71-81,2,,10.0,0,-1,0,0,,32-80,2,,5.0,"AspBridgex2(pos71-81,sev10); AspCleavex2(pos52-59,sev10); NTCycl(pos1,sev5); ProtTrypx10(pos19-101,sev10); MetOxx2(pos32-80,sev5); TrpOxx2(pos34-104,sev10); HydroPatchx3(pos76-94,sev5)",0.0,0.0,0.0,0.0,0.72562,0.72562,,,,True,False,True,True,0.0,0.0,100000.25,100000.25,0.0,0.80107,0.0,0.0,0.0,0.0,0.0,0.0,0.80107,0.0,0.0,0.0,0.77617,0.77617,0.55233,0.0,False,False,False,False,False,False,True,True,False,False,False,False,2.18988,0.58511,0.5244,1.88578,6.33222,True,False,True,True,0.0,19.51879,12.00135,0.24827,0.48467,0.24827,0.24827,0.27092,0.24827,0.71534,0.00508,0.00508,0.0055,0.75481,0.70657,1.2376,9.02335,False,False,False,False,False,False,False,True,False,False,False,False,6325.17773,5651.85156,1,,,,,,,,,,,0.58511,-12.00135,-44.5635,-411.09799,-12.00135,-2.18988,-0.58511,False,9,True,True,True,True,True,True,True,True,True,True,5.0,5.0,5.0,1.5,2.0,1.5,5.0,3,0.7894736842105263,QVTLVESGGGLVQAGGSLRLSCAFSGSGISAMGWLRQAPGKEREFVASITSDGSTSYNDSVKGRFTISRDNAKNTVYLQMNSLKPEDTAVYYCVVVTTSGKQYWGQGTQVTVS
device-0_binder_3,6,GPTLIQIFVKTLTGKTITLEVETSDTIENVKAKIAQKEGIPPDQQRLIFAGKQLEDGRTLSDYNIQKESTLHCVLRSSLD,GPTLIQIFVKTLTGKTITLEVETSDTIENVKAKIAQKEGIPPDQQRLIFAGKQLEDGRTLSDYNIQKESTLHCVLRSSLD,80,0.20488,13.46707,0.73485,2.40391,1.83202,1,805.17188,704.58325,47.7269,47.7269,0.3875,0.2375,0.375,device-0_binder_3.cif,212,0,197.0,212.0,0.0,0.0625,0.0375,0.0125,0.0625,0.0375,0.1125,0.05,0.1,0.025,0.0625,0.1125,0.0,0.075,0.075,0.0875,0.0125,0.025,0.0375,0.0125,0.0,130,14,12,2,0,0,0,-1,0,0,,10-76,10,,10.0,56,2,10,,,0,,0.0,0,-1,0,0,,,0,,0.0,0,-1,0,0,,,0,,0.0,0,-1,0,0,,7-47,2,,5.0,0,-1,0,0,,,0,,0.0,0,-1,0,0,,,0,,0.0,0,-1,0,0,,,0,,0.0,"AspCleave(pos56,sev10); ProtTrypx10(pos10-76,sev10); HydroPatchx2(pos7-47,sev5); UnpairedCys(pos73,sev10)",0.0,0.0,0.0,0.0,1.83202,1.83202,,,,True,False,True,True,0.0,0.0,100000.25,100000.25,0.0,0.74852,0.0,0.0,0.0,0.0,0.0,0.0,0.74852,0.0,0.0,0.0,0.66396,0.66396,0.61542,0.0,False,False,False,False,False,False,False,False,False,False,False,False,2.40391,1.53652,0.60044,3.18899,4.59019,True,False,True,True,0.0,20.40864,13.46707,0.20488,0.50865,0.20488,0.20488,0.22705,0.20488,0.71146,0.00476,0.00502,0.00476,0.70701,0.65578,1.29456,8.36792,False,False,False,False,False,False,False,False,False,False,False,False,6621.9375,5816.76562,1,1.0,73.0,1.0,10.0,,,,,,,1.53652,-13.46707,-47.7269,-704.58325,-13.46707,-2.40391,-1.53652,False,9,True,True,True,True,True,True,True,True,True,True,6.0,6.0,6.0,3.0,2.0,0.5,6.0,4,0.736842105263158,GPTLIQIFVKTLTGKTITLEVETSDTIENVKAKIAQKEGIPPDQQRLIFAGKQLEDGRTLSDYNIQKESTLHCVLRSSLD
device-0_binder_0,7,GLAEELAEKVRKAVLEELKDGVTPENLLKALDKIGEIGLAAGRPEEAEAAGRALRAAFAAGASAEELAEAAAEAVLAAGA,GLAEELAEKVRKAVLEELKDGVTPENLLKALDKIGEIGLAAGRPEEAEAAGRALRAAFAAGASAEELAEAAAEAVLAAGA,80,0.33527,8.26856,0.84601,12.76479,1.0916,0,497.25537,1342.42798,44.1915,44.1915,0.175,0.825,0.0,device-0_binder_0.cif,212,0,197.0,212.0,0.0,0.1,0.3,0.0,0.0125,0.025,0.0125,0.05,0.025,0.0125,0.025,0.1375,0.0,0.0,0.175,0.0625,0.0,0.0125,0.05,0.0,0.0,100,10,10,0,0,0,0,-1,0,0,,9-55,9,,10.0,20,2,10,,,0,,0.0,0,-1,0,0,,,0,,0.0,0,-1,0,0,,,0,,0.0,0,-1,0,0,,,0,,0.0,0,-1,0,0,,,0,,0.0,0,-1,0,0,,,0,,0.0,0,-1,0,0,,,0,,0.0,"AspCleave(pos20,sev10); ProtTrypx9(pos9-55,sev10)",0.0,0.0,0.0,0.0,1.0916,1.0916,,,,True,False,True,True,0.0,0.0,100000.25,100000.25,0.0,0.76406,0.0,0.0,0.0,0.0,0.0,0.0,0.76406,0.0,0.0,0.0,0.73562,0.73562,0.62379,0.0,False,False,False,False,False,False,False,True,False,False,False,False,12.76479,1.27426,0.60534,18.38431,25.02528,False,False,True,True,0.0,16.42253,8.26856,0.33527,0.54751,0.33527,0.33527,0.35284,0.33527,0.70776,0.0546,0.07608,0.0546,0.77024,0.72136,1.10783,7.43147,False,False,False,False,False,False,True,True,False,False,False,False,6461.69775,5964.44238,0,,,,,,,,,,,1.27426,-8.26856,-44.1915,-1342.42798,-8.26856,-12.76479,-1.27426,False,1,True,False,False,True,True,True,True,True,True,True,7.0,9.0,8.0,8.5,8.5,9.0,9.0,5,0.6842105263157895,GLAEELAEKVRKAVLEELKDGVTPENLLKALDKIGEIGLAAGRPEEAEAAGRALRAAFAAGASAEELAEAAAEAVLAAGA
device-2_binder_2,8,AAAAAAVGAGLAEAVKAGDADAVAAAAEAAARAIGADAKTAARLAEVARELAKRRDYEALAEALEGLARVYGAPEVGAAARAGALAGGEAAA,AAAAAAVGAGLAEAVKAGDADAVAAAAEAAARAIGADAKTAARLAEVARELAKRRDYEALAEALEGLARVYGAPEVGAAARAGALAGGEAAA,92,0.27229,11.23467,0.86158,13.13362,0.94292,1,530.6875,1440.07617,37.8189,37.8189,0.11957,0.88043,0.0,device-2_binder_2.cif,224,0,209.0,224.0,0.0,0.1087,0.44565,0.0,0.0,0.01087,0.01087,0.06522,0.01087,0.0,0.04348,0.07609,0.0,0.0,0.09783,0.03261,0.0,0.0,0.07609,0.02174,0.0,105,11,10,1,0,0,0,-1,0,0,,16-81,10,,10.0,-1,0,0,,,0,,0.0,0,1,1,5,,,0,,0.0,0,-1,0,0,,,0,,0.0,0,-1,0,0,,,0,,0.0,0,-1,0,0,,,0,,0.0,0,-1,0,0,,,0,,0.0,0,-1,0,0,,,0,,0.0,"ProtTrypx10(pos16-81,sev10); DPP4(pos1,sev5)",0.0,0.0,0.0,0.0,0.94292,0.94292,,,,True,False,True,True,0.0,0.0,100000.25,100000.25,0.0,0.70717,0.0,0.0,0.0,0.0,0.0,0.0,0.70717,0.0,0.0,0.0,0.66259,0.66259,0.87432,0.0,False,False,False,False,False,False,False,False,False,False,False,False,13.13362,1.07878,0.61906,18.20078,24.06848,False,False,True,True,0.0,18.22016,11.23467,0.27229,0.53002,0.27229,0.27229,0.29372,0.27229,0.74178,0.02111,0.02111,0.02961,0.75937,0.73272,1.08217,7.82392,False,False,False,False,False,False,True,True,False,False,False,False,6233.88086,5703.19336,0,,,,,,,,,,,1.07878,-11.23467,-37.8189,-1440.07617,-11.23467,-13.13362,-1.07878,False,1,True,False,False,True,True,False,True,True,True,True,10.0,8.0,11.0,7.5,8.5,8.5,11.0,6,0.631578947368421,AAAAAAVGAGLAEAVKAGDADAVAAAAEAAARAIGADAKTAARLAEVARELAKRRDYEALAEALEGLARVYGAPEVGAAARAGALAGGEAAA
device-0_binder_1,9,VAAAAAAGAAGAAAAAAAAGRATPEATAEGAEAGALAAGLTREQAEEAGMVAGRIVKEKGLTTVAGAAAAGGIGAAAAAA,VAAAAAAGAAGAAAAAAAAGRATPEATAEGAEAGALAAGLTREQAEEAGMVAGRIVKEKGLTTVAGAAAAGGIGAAAAAA,80,0.27096,12.6792,0.87409,9.08616,0.83934,0,572.01465,1559.521,32.0186,32.0186,0.1625,0.8375,0.0,device-0_binder_1.cif,212,0,197.0,212.0,0.0,0.1625,0.475,0.0,0.0,0.0125,0.0625,0.05,0.025,0.0,0.0,0.0375,0.0125,0.0125,0.0875,0.025,0.0,0.0,0.0375,0.0,0.0,55,6,5,1,0,0,0,-1,0,0,,21-59,5,,10.0,-1,0,0,,,0,,0.0,0,-1,0,0,,,0,,0.0,0,-1,0,0,,,0,,0.0,0,-1,0,0,,,0,,0.0,0,-1,0,0,,,0,,0.0,0,-1,0,0,,,0,,0.0,0,50,1,5,,,0,,0.0,"ProtTrypx5(pos21-59,sev10); MetOx(pos50,sev5)",0.0,0.0,0.0,0.0,0.83934,0.83934,,,,True,False,True,True,0.0,0.0,100000.25,100000.25,0.0,0.67198,0.0,0.0,0.0,0.0,0.0,0.0,0.67198,0.0,0.0,0.0,0.8104,0.8104,1.22078,0.0,False,False,False,False,False,False,False,False,False,False,False,False,9.08616,0.94031,0.64965,13.54714,16.27736,False,False,True,True,0.0,19.90151,12.6792,0.27096,0.54383,0.27096,0.27096,0.28994,0.27096,0.74079,0.00494,0.00494,0.00507,0.73957,0.73251,1.16279,7.26128,False,False,False,False,False,False,True,True,False,False,False,False,6404.05225,5832.0376,0,,,,,,,,,,,0.94031,-12.6792,-32.0186,-1559.521,-12.6792,-9.08616,-0.94031,False,1,True,False,False,True,True,False,True,True,True,True,11.0,7.0,12.0,8.5,8.5,6.0,12.0,7,0.5789473684210527,VAAAAAAGAAGAAAAAAAAGRATPEATAEGAEAGALAAGLTREQAEEAGMVAGRIVKEKGLTTVAGAAAAGGIGAAAAAA
device-1_binder_0,10,QVQVQESGGGLVQAGGSLRLSCAYSGSGVYAMGWYRQAPGKEREGVAVIWSDGSTSYADSVKGRFTISRDNSKNTVYLQMNSLKAEDTAVYYCAARSGSTTYWGQGTQVTVSS,QVQVQESGGGLVQAGGSLRLSCAYSGSGVYAMGWYRQAPGKEREGVAVIWSDGSTSYADSVKGRFTISRDNSKNTVYLQMNSLKAEDTAVYYCAARSGSTTYWGQGTQVTVSS,113,0.30281,9.73904,0.80673,2.58362,0.87008,0,560.01855,211.96477,40.4527,40.4527,0.40708,0.02655,0.56637,device-1_binder_0.cif,245,0,230.0,245.0,0.0,0.13274,0.0885,0.0177,0.14159,0.00885,0.0708,0.09735,0.0177,0.02655,0.0354,0.04425,0.0177,0.0708,0.0354,0.0354,0.0,0.00885,0.0531,0.0708,0.02655,200,23,17,6,0,0,0,-1,0,0,,19-96,10,,10.0,-1,0,0,,52-59,2,,10.0,0,-1,0,0,,,0,,0.0,0,-1,0,0,,34-103,3,,10.0,0,-1,0,0,,48-90,3,,5.0,0,1,1,5,,,0,,0.0,0,-1,0,0,,71-81,2,,10.0,0,-1,0,0,,32-80,2,,5.0,"AspBridgex2(pos71-81,sev10); AspCleavex2(pos52-59,sev10); NTCycl(pos1,sev5); ProtTrypx10(pos19-96,sev10); MetOxx2(pos32-80,sev5); TrpOxx3(pos34-103,sev10); HydroPatchx3(pos48-90,sev5)",0.0,0.0,0.0,0.0,0.87008,0.87008,,,,True,False,True,True,0.0,0.0,100000.25,100000.25,0.0,0.78006,0.0,0.0,0.0,0.0,0.0,0.0,0.78006,0.0,0.0,0.0,0.78356,0.78356,0.57924,0.0,False,False,False,False,False,False,False,True,False,False,False,False,2.58362,0.97174,0.58444,1.90827,9.95429,False,False,True,True,0.0,17.58119,9.73904,0.30281,0.52154,0.30281,0.30281,0.32701,0.30281,0.73364,0.03039,0.06344,0.03039,0.75079,0.73019,1.14778,7.21881,False,False,False,False,False,False,True,True,False,False,False,False,6541.19824,5981.17969,1,,,,,,,,,,,0.97174,-9.73904,-40.4527,-211.96477,-9.73904,-2.58362,-0.97174,False,1,True,False,False,True,True,True,True,True,True,True,8.0,13.0,9.0,8.5,6.0,7.0,13.0,8,0.5263157894736843,QVQVQESGGGLVQAGGSLRLSCAYSGSGVYAMGWYRQAPGKEREGVAVIWSDGSTSYADSVKGRFTISRDNSKNTVYLQMNSLKAEDTAVYYCAARSGSTTYWGQGTQVTVSS
device-1_binder_3,11,QIQLVESGGGLVQAGGSLRLSCAFSGGTVNNMGWLRQAPGQEREFVAYISSSGGNTYYADSVKGRFTISRDNAKNTVYLQMNSLRAEDTAVYYCAASSGCKAYFGQGTQVTVS,QIQLVESGGGLVQAGGSLRLSCAFSGGTVNNMGWLRQAPGQEREFVAYISSSGGNTYYADSVKGRFTISRDNAKNTVYLQMNSLRAEDTAVYYCAASSGCKAYFGQGTQVTVS,113,0.28649,8.16812,0.80113,4.41636,0.60511,4,884.58301,413.96185,43.7366,43.7366,0.39823,0.0531,0.54867,device-1_binder_3.cif,245,0,230.0,245.0,0.0,0.13274,0.09735,0.02655,0.11504,0.00885,0.06195,0.07965,0.02655,0.0531,0.02655,0.06195,0.0177,0.0708,0.0354,0.02655,0.0,0.0354,0.0531,0.06195,0.00885,185,21,16,5,0,0,0,-1,0,0,,19-101,9,,10.0,60,2,10,,,0,,0.0,0,-1,0,0,,,0,,0.0,0,34,1,10,,,0,,0.0,0,-1,0,0,,77-91,2,,5.0,0,1,1,5,,,0,,0.0,0,-1,0,0,,72-82,2,,10.0,0,-1,0,0,,32-81,2,,5.0,"AspBridgex2(pos72-82,sev10); AspCleave(pos60,sev10); NTCycl(pos1,sev5); ProtTrypx9(pos19-101,sev10); MetOxx2(pos32-81,sev5); TrpOx(pos34,sev10); HydroPatchx2(pos77-91,sev5); UnpairedCysx3(pos22-100,sev10)",0.0,0.0,0.0,0.0,0.60511,0.60511,,,,True,False,True,True,0.0,0.0,100000.25,100000.25,0.0,0.80318,0.0,0.0,0.0,0.0,0.0,0.0,0.80318,0.0,0.0,0.0,0.77069,0.77069,0.55866,0.0,False,False,False,False,False,False,True,True,False,False,False,False,4.41636,0.73831,0.49998,4.26914,9.64431,False,False,True,True,0.0,17.33921,8.16812,0.28649,0.523,0.28649,0.28649,0.30301,0.28649,0.74188,0.03415,0.05576,0.03415,0.74869,0.68296,1.21586,6.75052,False,False,False,False,False,False,True,True,False,False,False,False,6426.1416,5541.55859,1,3.0,,,,,,22-100,3.0,,10.0,0.73831,-8.16812,-43.7366,-413.96185,-8.16812,-4.41636,-0.73831,False,1,True,False,False,True,True,True,True,True,True,True,9.0,14.0,7.0,4.0,6.0,3.5,14.0,9,0.4736842105263158,QIQLVESGGGLVQAGGSLRLSCAFSGGTVNNMGWLRQAPGQEREFVAYISSSGGNTYYADSVKGRFTISRDNAKNTVYLQMNSLRAEDTAVYYCAASSGCKAYFGQGTQVTVS
device-1_binder_2,12,ANPVMTQSPSSLTVPEGQTVTLTCTAPSGVDISSAYLNWYLQRPGQAPKLLIYNNSTPASGVPSRFSGSLSGNTASLTISGVQLEDSGTYYCNVRLGNTWYHGQGTKLTVVPA,ANPVMTQSPSSLTVPEGQTVTLTCTAPSGVDISSAYLNWYLQRPGQAPKLLIYNNSTPASGVPSRFSGSLSGNTASLTISGVQLEDSGTYYCNVRLGNTWYHGQGTKLTVVPA,113,0.24748,10.57708,0.76872,13.12251,1.6111,1,637.854,434.36346,48.1468,48.1468,0.43363,0.02655,0.53982,device-1_binder_2.cif,245,0,230.0,245.0,0.0,0.09735,0.06195,0.0177,0.13274,0.07965,0.11504,0.07965,0.02655,0.06195,0.0177,0.09735,0.00885,0.0531,0.0177,0.0177,0.00885,0.00885,0.02655,0.0531,0.0177,110,13,9,4,0,0,0,-1,0,0,,43-107,5,,10.0,86,2,10,,,0,,0.0,0,1,1,5,,,0,,0.0,0,-1,0,0,,39-100,2,,10.0,0,-1,0,0,,39-50,2,,5.0,0,-1,0,0,,,0,,0.0,0,55,2,10,,,0,,0.0,0,5,1,5,,,0,,0.0,"AspBridge(pos55,sev10); AspCleave(pos86,sev10); ProtTrypx5(pos43-107,sev10); DPP4(pos1,sev5); MetOx(pos5,sev5); TrpOxx2(pos39-100,sev10); HydroPatchx2(pos39-50,sev5)",0.0,0.0,0.0,0.0,1.6111,1.6111,,,,True,False,True,True,0.0,0.0,100000.25,100000.25,0.0,0.80674,0.0,0.0,0.0,0.0,0.0,0.0,0.80674,0.0,0.0,0.0,0.69743,0.69743,0.56222,0.0,False,False,False,False,False,False,True,True,False,False,False,False,13.12251,1.48137,0.53564,6.2568,47.89894,False,False,True,True,0.0,19.78345,10.57708,0.24748,0.47498,0.24748,0.24748,0.24748,0.24748,0.71283,0.00475,0.0211,0.00475,0.71845,0.67589,1.20605,7.46196,False,False,False,False,False,False,False,True,False,False,False,False,6370.81641,5732.9624,0,,,,,,,,,,,1.48137,-10.57708,-48.1468,-434.36346,-10.57708,-13.12251,-1.48137,False,1,True,False,False,True,True,True,True,True,True,True,12.0,16.0,10.0,7.5,8.5,5.5,16.0,10,0.42105263157894735,ANPVMTQSPSSLTVPEGQTVTLTCTAPSGVDISSAYLNWYLQRPGQAPKLLIYNNSTPASGVPSRFSGSLSGNTASLTISGVQLEDSGTYYCNVRLGNTWYHGQGTKLTVVPA
device-3_binder_0,13,SAEAVAEARELAERAIALAEAGDFDAAIEELEKGLKVAEESGNVEAAEIVAEAAAKVLDIAEARGDEEAAAKAEELYRKALALVN,SAEAVAEARELAERAIALAEAGDFDAAIEELEKGLKVAEESGNVEAAEIVAEAAAKVLDIAEARGDEEAAAKAEELYRKALALVN,85,0.2144,14.01952,0.83742,13.4359,0.56676,3,657.40771,970.01208,43.7752,43.7752,0.10588,0.89412,0.0,device-3_binder_0.cif,217,0,202.0,217.0,0.0,0.04706,0.30588,0.0,0.02353,0.0,0.0,0.07059,0.04706,0.02353,0.04706,0.09412,0.0,0.0,0.21176,0.05882,0.0,0.01176,0.04706,0.01176,0.0,90,9,9,0,0,0,0,-1,0,0,,9-79,9,,10.0,-1,0,0,,,0,,0.0,0,-1,0,0,,,0,,0.0,0,-1,0,0,,,0,,0.0,0,-1,0,0,,,0,,0.0,0,-1,0,0,,,0,,0.0,0,-1,0,0,,,0,,0.0,0,-1,0,0,,,0,,0.0,"ProtTrypx9(pos9-79,sev10)",0.0,0.0,0.0,0.0,0.56676,0.56676,,,,True,False,True,True,0.0,0.0,100000.25,100000.25,0.0,0.7365,0.0,0.0,0.0,0.0,0.0,0.0,0.7365,0.0,0.0,0.0,0.7494,0.7494,0.68929,0.0,False,False,False,False,False,False,False,False,False,False,False,False,13.4359,0.5977,0.55001,18.87554,21.82762,False,False,True,True,0.0,20.26127,14.01952,0.2144,0.5106,0.2144,0.2144,0.23318,0.2144,0.72236,0.0047,0.00479,0.0047,0.75414,0.72023,1.08172,8.04467,False,False,False,False,False,False,True,True,False,False,False,False,6319.2749,5661.86719,3,,,,,,,,,,,0.5977,-14.01952,-43.7752,-970.01208,-14.01952,-13.4359,-0.5977,False,1,True,False,False,True,True,False,True,True,True,True,14.0,12.0,16.0,4.5,4.0,4.5,16.0,10,0.368421052631579,SAEAVAEARELAERAIALAEAGDFDAAIEELEKGLKVAEESGNVEAAEIVAEAAAKVLDIAEARGDEEAAAKAEELYRKALALVN
device-2_binder_3,14,GLAAELGALLLECGKISDEALAEAGEAVADVLEAGGHAEAGEAVRRAVTEAIRNKDYEAAAARVAAILEEHASPAVVAEAVARVRAILAEAK,GLAAELGALLLECGKISDEALAEAGEAVADVLEAGGHAEAGEAVRRAVTEAIRNKDYEAAAARVAAILEEHASPAVVAEAVARVRAILAEAK,92,0.18835,13.15135,0.84468,13.67363,0.78877,3,551.80908,1222.28345,43.5007,43.5007,0.1087,0.8913,0.0,device-2_binder_3.cif,224,0,209.0,224.0,0.0,0.07609,0.30435,0.01087,0.02174,0.01087,0.01087,0.09783,0.04348,0.01087,0.03261,0.09783,0.0,0.0,0.15217,0.03261,0.02174,0.0,0.06522,0.01087,0.0,95,10,9,1,0,0,0,-1,0,0,,15-85,8,,10.0,-1,0,0,,,0,,0.0,0,-1,0,0,,,0,,0.0,0,-1,0,0,,,0,,0.0,0,9,3,5,,,0,,0.0,0,-1,0,0,,,0,,0.0,0,-1,0,0,,,0,,0.0,0,-1,0,0,,,0,,0.0,"ProtTrypx8(pos15-85,sev10); HydroPatch(pos9,sev5); UnpairedCys(pos13,sev10)",0.0,0.0,0.0,0.0,0.78877,0.78877,,,,True,False,True,True,0.0,0.0,100000.25,100000.25,0.0,0.7833,0.0,0.0,0.0,0.0,0.0,0.0,0.7833,0.0,0.0,0.0,0.66458,0.66458,0.69818,0.0,False,False,False,False,False,False,False,True,False,False,False,False,13.67363,0.63874,0.71771,18.52505,25.52244,False,False,True,True,0.0,21.5697,13.15135,0.18835,0.48909,0.18835,0.18835,0.19077,0.18835,0.72553,0.0,0.00514,0.0,0.75383,0.74661,1.15121,9.64467,False,False,False,False,False,False,True,True,False,False,False,False,6543.63818,5991.8291,4,1.0,13.0,1.0,10.0,,,,,,,0.63874,-13.15135,-43.5007,-1222.28345,-13.15135,-13.67363,-0.63874,False,1,True,False,False,True,True,False,True,True,True,True,16.0,10.0,13.0,4.5,3.5,7.5,16.0,10,0.3157894736842105,GLAAELGALLLECGKISDEALAEAGEAVADVLEAGGHAEAGEAVRRAVTEAIRNKDYEAAAARVAAILEEHASPAVVAEAVARVRAILAEAK
device-0_binder_4,15,RGQRIQIFVKTQTGKTFTLEVETSDTIENVKAKIGDKFGIPPDQQRLIFAGKQLEDGRTLSDYNIQKGSTLHCFLRLPTD,RGQRIQIFVKTQTGKTFTLEVETSDTIENVKAKIGDKFGIPPDQQRLIFAGKQLEDGRTLSDYNIQKGSTLHCFLRLPTD,80,0.19138,14.78767,0.73741,14.6933,2.06421,2,669.58594,771.04956,46.7349,46.7349,0.3875,0.2375,0.375,device-0_binder_4.cif,212,0,197.0,212.0,0.0,0.0875,0.025,0.0125,0.0375,0.0375,0.1125,0.0375,0.0875,0.025,0.075,0.0875,0.0,0.0875,0.05,0.0875,0.0125,0.0625,0.0625,0.0125,0.0,150,16,14,2,0,0,0,-1,0,0,,1-76,12,,10.0,56,2,10,,,0,,0.0,0,-1,0,0,,,0,,0.0,0,-1,0,0,,,0,,0.0,0,-1,0,0,,7-47,2,,5.0,0,-1,0,0,,,0,,0.0,0,-1,0,0,,,0,,0.0,0,-1,0,0,,,0,,0.0,"AspCleave(pos56,sev10); ProtTrypx12(pos1-76,sev10); HydroPatchx2(pos7-47,sev5); UnpairedCys(pos73,sev10)",0.0,0.0,0.0,0.0,2.06421,2.06421,,,,True,False,False,True,0.0,0.0,100000.25,100000.25,0.0,0.767,0.0,0.0,0.0,0.0,0.0,0.0,0.767,0.0,0.0,0.0,0.61334,0.61334,0.56324,0.0,False,False,False,False,False,False,False,True,False,False,False,False,14.6933,2.03219,0.55224,13.6216,45.53934,False,False,False,True,0.0,21.17543,14.78767,0.19138,0.5051,0.19138,0.19138,0.20454,0.19138,0.70438,0.0,0.00455,0.0,0.71785,0.69443,1.36562,8.18724,False,False,False,False,False,False,False,False,False,False,False,False,6307.1416,5637.55566,3,1.0,73.0,1.0,10.0,,,,,,,2.03219,-14.78767,-46.7349,-771.04956,-14.78767,-14.6933,-2.03219,False,1,True,False,False,True,True,True,True,True,True,True,15.0,17.0,17.0,6.5,4.0,4.0,17.0,11,0.26315789473684215,RGQRIQIFVKTQTGKTFTLEVETSDTIENVKAKIGDKFGIPPDQQRLIFAGKQLEDGRTLSDYNIQKGSTLHCFLRLPTD
device-3_binder_4,16,GPESAEYVVKALEAAAAGRDEEAKELFKKGLGLDDKDCEGFIRGAREKRWLELGEGIARYARLNGQEEAAEAALAKSRELAAAAA,GPESAEYVVKALEAAAAGRDEEAKELFKKGLGLDDKDCEGFIRGAREKRWLELGEGIARYARLNGQEEAAEAALAKSRELAAAAA,85,0.18504,13.80999,0.84166,5.28977,1.05793,7,560.76172,456.88901,40.4532,40.4532,0.16471,0.83529,0.0,device-3_binder_4.cif,217,0,202.0,217.0,0.0,0.10588,0.23529,0.01176,0.02353,0.01176,0.0,0.02353,0.02353,0.01176,0.04706,0.10588,0.0,0.01176,0.16471,0.08235,0.0,0.02353,0.08235,0.02353,0.01176,175,18,17,1,0,0,0,-1,0,0,,10-78,14,,10.0,-1,0,0,,,0,,0.0,0,-1,0,0,,,0,,0.0,0,50,1,10,,,0,,0.0,0,7,3,5,,,0,,0.0,0,-1,0,0,,,0,,0.0,0,64,2,10,,,0,,0.0,0,-1,0,0,,,0,,0.0,"AspBridge(pos64,sev10); ProtTrypx14(pos10-78,sev10); TrpOx(pos50,sev10); HydroPatch(pos7,sev5); UnpairedCys(pos38,sev10)",0.0,0.0,0.0,0.0,1.05793,1.05793,,,,True,False,True,True,0.0,0.0,100000.25,100000.25,0.0,0.75854,0.0,0.0,0.0,0.0,0.0,0.0,0.75854,0.0,0.0,0.0,0.6611,0.6611,0.64638,0.0,False,False,False,False,False,False,False,True,False,False,False,False,5.28977,1.13832,0.56398,5.66826,13.71887,False,False,True,True,0.0,21.0423,13.80999,0.18504,0.50075,0.18504,0.18504,0.19658,0.18504,0.72523,0.0,0.00488,0.0,0.76503,0.71493,1.16903,9.17944,False,False,False,False,False,False,True,True,False,False,False,False,6392.39209,5831.63037,3,1.0,38.0,1.0,10.0,,,,,,,1.13832,-13.80999,-40.4532,-456.88901,-13.80999,-5.28977,-1.13832,False,1,True,False,False,True,True,True,True,True,True,True,17.0,11.0,15.0,3.5,4.0,6.5,17.0,11,0.21052631578947367,GPESAEYVVKALEAAAAGRDEEAKELFKKGLGLDDKDCEGFIRGAREKRWLELGEGIARYARLNGQEEAAEAALAKSRELAAAAA
device-0_binder_2,17,SMIQIFVKTLTGKTITLEVETSDTILNVKAKIAQKLGVPPAQIRLFFAGKQLEDGKTLSECGIQKESTLHLVLRDICGAG,SMIQIFVKTLTGKTITLEVETSDTILNVKAKIAQKLGVPPAQIRLFFAGKQLEDGKTLSECGIQKESTLHLVLRDICGAG,80,0.219,13.52421,0.73323,10.89244,3.18018,2,647.03125,946.96021,52.6237,52.6237,0.45,0.1875,0.3625,device-0_binder_2.cif,212,0,197.0,212.0,0.0,0.0875,0.0625,0.025,0.05,0.025,0.1,0.0625,0.1,0.0125,0.0375,0.125,0.0125,0.0625,0.0625,0.1,0.0125,0.0375,0.025,0.0,0.0,130,15,11,4,0,0,0,-1,0,0,,8-74,10,,10.0,54,2,10,,,0,,0.0,0,-1,0,0,,,0,,0.0,0,-1,0,0,,,0,,0.0,0,-1,0,0,,5-71,3,,5.0,0,-1,0,0,,,0,,0.0,0,-1,0,0,,,0,,0.0,0,2,1,5,,,0,,0.0,"AspCleave(pos54,sev10); ProtTrypx10(pos8-74,sev10); MetOx(pos2,sev5); HydroPatchx3(pos5-71,sev5)",0.0,0.0,0.0,0.0,3.18018,3.18018,,,,False,False,False,True,0.0,0.0,100000.25,100000.25,0.0,0.76931,0.0,0.0,0.0,0.0,0.0,0.0,0.76931,0.0,0.0,0.0,0.65996,0.65996,0.52643,0.0,False,False,False,False,False,False,False,True,False,False,False,False,10.89244,2.71406,0.59563,16.0083,18.52788,False,False,False,True,0.0,20.15039,13.52421,0.219,0.50984,0.219,0.219,0.24716,0.219,0.70491,0.00506,0.00506,0.00517,0.71291,0.65482,1.31397,8.30355,False,False,False,False,False,False,False,False,False,False,False,False,6436.44727,5789.41602,1,,,,,,,,,,,2.71406,-13.52421,-52.6237,-946.96021,-13.52421,-10.89244,-2.71406,False,1,True,False,False,False,False,True,True,True,True,True,13.0,18.0,14.0,6.5,6.0,5.0,18.0,12,0.1578947368421053,SMIQIFVKTLTGKTITLEVETSDTILNVKAKIAQKLGVPPAQIRLFFAGKQLEDGKTLSECGIQKESTLHLVLRDICGAG
device-2_binder_1,18,MKVEIKVTVKGSEEALEEIEIAVEKALNEVRKEFPDVKIEKTHKREGETLTIKITLEGDEEKVRAAAERIVAAIREAAERVGAEVEIEVKIT,MKVEIKVTVKGSEEALEEIEIAVEKALNEVRKEFPDVKIEKTHKREGETLTIKITLEGDEEKVRAAAERIVAAIREAAERVGAEVEIEVKIT,92,0.16752,16.3643,0.78478,10.4674,0.73613,3,540.41992,586.67285,43.4444,43.4444,0.15217,0.46739,0.38043,device-2_binder_1.cif,224,0,209.0,224.0,0.0,0.04348,0.11957,0.0,0.01087,0.01087,0.06522,0.11957,0.1087,0.01087,0.02174,0.04348,0.01087,0.0,0.22826,0.11957,0.01087,0.01087,0.06522,0.0,0.0,175,18,17,1,0,0,0,-1,0,0,,2-90,17,,10.0,-1,0,0,,,0,,0.0,0,-1,0,0,,,0,,0.0,0,-1,0,0,,,0,,0.0,0,-1,0,0,,,0,,0.0,0,-1,0,0,,,0,,0.0,0,-1,0,0,,,0,,0.0,0,1,1,5,,,0,,0.0,"ProtTrypx17(pos2-90,sev10); MetOx(pos1,sev5)",0.0,0.0,0.0,0.0,0.73613,0.73613,,,,True,False,True,True,0.0,0.0,100000.25,100000.25,0.0,0.76941,0.0,0.0,0.0,0.0,0.0,0.0,0.76941,0.0,0.0,0.0,0.70032,0.70032,0.57464,0.0,False,False,False,False,False,False,False,True,False,False,False,False,10.4674,0.7428,0.56266,11.33587,20.46391,False,False,True,True,0.0,22.31844,16.3643,0.16752,0.48925,0.16752,0.16752,0.17695,0.16752,0.73014,0.0,0.0,0.0,0.75472,0.72484,1.16283,9.5619,False,False,False,False,False,False,False,True,False,False,False,False,6353.84863,5813.42871,3,,,,,,,,,,,0.7428,-16.3643,-43.4444,-586.67285,-16.3643,-10.4674,-0.7428,False,1,True,False,False,True,True,True,True,True,True,True,18.0,15.0,18.0,4.5,4.0,8.0,18.0,12,0.10526315789473684,MKVEIKVTVKGSEEALEEIEIAVEKALNEVRKEFPDVKIEKTHKREGETLTIKITLEGDEEKVRAAAERIVAAIREAAERVGAEVEIEVKIT
device-3_binder_3,19,SFSEEELRAMAAAVKEAVENGEYKPSELHARVFATGAAPRLKELVAEKRWEELAETAVDVLRKLGIKNVTPEQVGEVVRACVLGG,SFSEEELRAMAAAVKEAVENGEYKPSELHARVFATGAAPRLKELVAEKRWEELAETAVDVLRKLGIKNVTPEQVGEVVRACVLGG,85,0.12618,18.71431,0.67178,12.99444,1.8493,0,432.71289,861.58289,45.9029,45.9029,0.25882,0.74118,0.0,device-3_binder_3.cif,217,0,202.0,217.0,0.0,0.07059,0.15294,0.01176,0.03529,0.03529,0.03529,0.12941,0.01176,0.02353,0.01176,0.09412,0.01176,0.01176,0.16471,0.07059,0.01176,0.02353,0.07059,0.01176,0.01176,155,16,15,1,0,0,0,-1,0,0,,8-79,12,,10.0,-1,0,0,,,0,,0.0,0,-1,0,0,,,0,,0.0,0,50,1,10,,,0,,0.0,0,-1,0,0,,,0,,0.0,0,-1,0,0,,,0,,0.0,0,20,2,10,,,0,,0.0,0,10,1,5,,,0,,0.0,"AspBridge(pos20,sev10); ProtTrypx12(pos8-79,sev10); MetOx(pos10,sev5); TrpOx(pos50,sev10); UnpairedCys(pos81,sev10)",0.0,0.0,0.0,0.0,1.8493,1.8493,,,,True,False,True,True,0.0,0.0,100000.25,100000.25,0.0,0.5385,0.0,0.0,0.0,0.0,0.0,0.0,0.5385,0.0,0.0,0.0,0.61845,0.61845,1.39377,0.0,False,False,False,False,False,False,False,False,False,False,False,False,12.99444,1.21034,0.49757,18.90186,25.42571,False,False,True,True,0.0,23.66048,18.71431,0.12618,0.46133,0.12618,0.12618,0.1391,0.12618,0.68632,0.0,0.0,0.0,0.66654,0.62739,1.66063,9.43101,False,False,False,False,False,False,False,False,False,False,False,False,6361.81738,5929.10449,1,1.0,81.0,1.0,10.0,,,,,,,1.21034,-18.71431,-45.9029,-861.58289,-18.71431,-12.99444,-1.21034,False,1,True,False,False,True,True,True,True,True,True,True,19.0,19.0,19.0,8.5,6.0,9.5,19.0,13,0.052631578947368474,SFSEEELRAMAAAVKEAVENGEYKPSELHARVFATGAAPRLKELVAEKRWEELAETAVDVLRKLGIKNVTPEQVGEVVRACVLGG
device-2_binder_4,20,GSAEAAAAAAAAGLAAAGASAADAAAAAEGVIASGGDWDAVVDAVAEAAKRALGVAAGRAALAAGEAGGAAGGGDAAAAGAGAAAGAAAAAA,GSAEAAAAAAAAGLAAAGASAADAAAAAEGVIASGGDWDAVVDAVAEAAKRALGVAAGRAALAAGEAGGAAGGGDAAAAGAGAAAGAAAAAA,92,0.10183,20.49311,0.40579,17.00125,4.97812,3,310.70508,2520.60645,32.2907,32.2907,0.15217,0.84783,0.0,device-2_binder_4.cif,224,0,209.0,224.0,0.0,0.18478,0.54348,0.0,0.03261,0.0,0.0,0.05435,0.01087,0.0,0.05435,0.03261,0.0,0.0,0.04348,0.01087,0.0,0.0,0.02174,0.0,0.01087,40,4,4,0,0,0,0,-1,0,0,,50-59,3,,10.0,-1,0,0,,,0,,0.0,0,-1,0,0,,,0,,0.0,0,38,1,10,,,0,,0.0,0,-1,0,0,,,0,,0.0,0,-1,0,0,,,0,,0.0,0,-1,0,0,,,0,,0.0,0,-1,0,0,,,0,,0.0,"ProtTrypx3(pos50-59,sev10); TrpOx(pos38,sev10)",0.0,0.0,0.0,0.0,4.97812,4.97812,,,,False,False,False,False,0.0,0.0,100000.25,100000.25,0.0,0.35271,0.0,0.0,0.0,0.0,0.0,0.0,0.35271,0.0,0.0,0.0,0.55188,0.55188,2.14709,0.0,False,False,False,False,False,False,False,False,False,False,False,False,17.00125,13.6262,0.63732,18.23724,41.64382,False,False,False,False,0.0,25.54015,20.49311,0.10183,0.45251,0.10183,0.10183,0.10474,0.10183,0.69836,0.0,0.0,0.0,0.57756,0.55114,2.20998,9.92352,False,False,False,False,False,False,False,False,False,False,False,False,6319.09961,6008.39453,1,,,,,,,,,,,13.6262,-20.49311,-32.2907,-2520.60645,-20.49311,-17.00125,-13.6262,False,1,True,False,False,False,False,False,True,True,True,True,20.0,20.0,20.0,4.5,6.0,10.0,20.0,14,0.0,GSAEAAAAAAAAGLAAAGASAADAAAAAEGVIASGGDWDAVVDAVAEAAKRALGVAAGRAALAAGEAGGAAGGGDAAAAGAGAAAGAAAAAA
